{
	"info": {
		"_postman_id": "2018bee2-28c5-42a4-80e6-987135056a0c",
		"name": "Asoud",
		"schema": "https://schema.getpostman.com/json/collection/v2.1.0/collection.json",
		"_exporter_id": "5081022"
	},
	"item": [
		{
			"name": "{{baseUrl}}/api/v1/user/pin/create",
			"request": {
				"method": "POST",
				"header": [],
				"body": {
					"mode": "raw",
					"raw": "{\r\n    \"mobile\": \"09306100581\"\r\n}",
					"options": {
						"raw": {
							"language": "json"
						}
					}
				},
				"url": {
					"raw": "{{baseUrl}}/api/v1/user/pin/create/",
					"host": [
						"{{baseUrl}}"
					],
					"path": [
						"api",
						"v1",
						"user",
						"pin",
						"create",
						""
					]
				}
			},
			"response": []
		},
		{
			"name": "{{baseUrl}}/api/v1/user/pin/verify/",
			"request": {
				"method": "POST",
				"header": [],
				"body": {
					"mode": "raw",
					"raw": "{\r\n    \"mobile\": \"09306100581\",\r\n    \"pin\": \"1234\"\r\n}",
					"options": {
						"raw": {
							"language": "json"
						}
					}
				},
				"url": {
					"raw": "{{baseUrl}}/api/v1/user/pin/verify/",
					"host": [
						"{{baseUrl}}"
					],
					"path": [
						"api",
						"v1",
						"user",
						"pin",
						"verify",
						""
					]
				}
			},
			"response": []
		},
		{
			"name": "{{baseUrl}}/api/v1/asoud/contact/",
			"request": {
				"method": "GET",
				"header": [
					{
						"key": "Authorization",
						"value": "Token 07bffc8f988c623a0ad5e094f515d448aca0387f",
						"type": "text"
					}
				],
				"url": {
					"raw": "{{baseUrl}}/api/v1/asoud/user/contact/",
					"host": [
						"{{baseUrl}}"
					],
					"path": [
						"api",
						"v1",
						"asoud",
						"user",
						"contact",
						""
					]
				}
			},
			"response": []
		},
		{
			"name": "{{baseUrl}}/api/v1/user/logout/",
			"request": {
				"method": "GET",
				"header": [
					{
						"key": "Authorization",
						"value": "Token 07bffc8f988c623a0ad5e094f515d448aca0387f",
						"type": "text"
					}
				],
				"url": {
					"raw": "{{baseUrl}}/api/v1/user/logout/",
					"host": [
						"{{baseUrl}}"
					],
					"path": [
						"api",
						"v1",
						"user",
						"logout",
						""
					]
				}
			},
			"response": []
		},
		{
			"name": "{{baseUrl}}/api/v1/asoud/user/advertise/",
			"request": {
				"method": "GET",
				"header": [
					{
						"key": "Authorization",
						"value": "Token 07bffc8f988c623a0ad5e094f515d448aca0387f",
						"type": "text"
					}
				],
				"url": {
					"raw": "{{baseUrl}}/api/v1/asoud/user/advertise/",
					"host": [
						"{{baseUrl}}"
					],
					"path": [
						"api",
						"v1",
						"asoud",
						"user",
						"advertise",
						""
					]
				}
			},
			"response": []
		},
		{
			"name": "{{baseUrl}}/api/v1/market/user/base/create/",
			"request": {
				"method": "POST",
				"header": [],
				"url": {
					"raw": "{{baseUrl}}/api/v1/market/user/base/create/",
					"host": [
						"{{baseUrl}}"
					],
					"path": [
						"api",
						"v1",
						"market",
						"user",
						"base",
						"create",
						""
					]
				}
			},
			"response": []
		},
		{
			"name": "{{baseUrl}}/api/v1/market/user/contact/create/",
			"request": {
				"method": "POST",
				"header": [],
				"url": {
					"raw": "{{baseUrl}}/api/v1/market/user/contact/create/",
					"host": [
						"{{baseUrl}}"
					],
					"path": [
						"api",
						"v1",
						"market",
						"user",
						"contact",
						"create",
						""
					]
				}
			},
			"response": []
		},
		{
			"name": "{{baseUrl}}/api/v1/market/user/location/create/",
			"request": {
				"method": "POST",
				"header": [],
				"url": {
					"raw": "{{baseUrl}}/api/v1/market/user/location/create/",
					"host": [
						"{{baseUrl}}"
					],
					"path": [
						"api",
						"v1",
						"market",
						"user",
						"location",
						"create",
						""
					]
				}
			},
			"response": []
		},
		{
			"name": "{{baseUrl}}/api/v1/market/user/schedule/create/",
			"request": {
				"method": "POST",
				"header": [],
				"url": {
					"raw": "{{baseUrl}}/api/v1/market/user/schedule/create/",
					"host": [
						"{{baseUrl}}"
					],
					"path": [
						"api",
						"v1",
						"market",
						"user",
						"schedule",
						"create",
						""
					]
				}
			},
			"response": []
		},
		{
			"name": "{{baseUrl}}/api/v1/config/user/country/list/",
			"request": {
				"method": "GET",
				"header": [
					{
						"key": "Authorization",
						"value": "Token 07bffc8f988c623a0ad5e094f515d448aca0387f",
						"type": "text"
					}
				],
				"url": {
					"raw": "{{baseUrl}}/api/v1/config/user/country/list/",
					"host": [
						"{{baseUrl}}"
					],
					"path": [
						"api",
						"v1",
						"config",
						"user",
						"country",
						"list",
						""
					]
				}
			},
			"response": []
		},
		{
			"name": "{{baseUrl}}/api/v1/config/user/country/detail/1/",
			"request": {
				"method": "GET",
				"header": [
					{
						"key": "Authorization",
						"value": "Token 07bffc8f988c623a0ad5e094f515d448aca0387f",
						"type": "text"
					}
				],
				"url": {
					"raw": "{{baseUrl}}/api/v1/config/user/country/detail/1/",
					"host": [
						"{{baseUrl}}"
					],
					"path": [
						"api",
						"v1",
						"config",
						"user",
						"country",
						"detail",
						"1",
						""
					]
				}
			},
			"response": []
		},
		{
			"name": "{{baseUrl}}/api/v1/config/user/province/detail/1/",
			"request": {
				"method": "GET",
				"header": [
					{
						"key": "Authorization",
						"value": "Token 07bffc8f988c623a0ad5e094f515d448aca0387f",
						"type": "text"
					}
				],
				"url": {
					"raw": "{{baseUrl}}/api/v1/config/user/province/detail/1/",
					"host": [
						"{{baseUrl}}"
					],
					"path": [
						"api",
						"v1",
						"config",
						"user",
						"province",
						"detail",
						"1",
						""
					]
				}
			},
			"response": []
		}
	]
}